"filename", "language", "JavaScript", "HTML", "CSS", "vue", "SCSS", "YAML", "Markdown", "JSON", "XML", "comment", "blank", "total"
"d:\Source code\guagui\JRMS2.0\.eslintrc.js", "JavaScript", 195, 0, 0, 0, 0, 0, 0, 0, 0, 2, 2, 199
"d:\Source code\guagui\JRMS2.0\.travis.yml", "YAML", 0, 0, 0, 0, 0, 5, 0, 0, 0, 0, 1, 6
"d:\Source code\guagui\JRMS2.0\README-zh.md", "Markdown", 0, 0, 0, 0, 0, 0, 60, 0, 0, 0, 37, 97
"d:\Source code\guagui\JRMS2.0\README.md", "Markdown", 0, 0, 0, 0, 0, 0, 53, 0, 0, 0, 37, 90
"d:\Source code\guagui\JRMS2.0\babel.config.js", "JavaScript", 6, 0, 0, 0, 0, 0, 0, 0, 0, 0, 0, 6
"d:\Source code\guagui\JRMS2.0\build\index.js", "JavaScript", 28, 0, 0, 0, 0, 0, 0, 0, 0, 0, 8, 36
"d:\Source code\guagui\JRMS2.0\index.html", "HTML", 0, 1, 0, 0, 0, 0, 0, 0, 0, 0, 0, 1
"d:\Source code\guagui\JRMS2.0\jest.config.js", "JavaScript", 22, 0, 0, 0, 0, 0, 0, 0, 0, 2, 1, 25
"d:\Source code\guagui\JRMS2.0\mock\index.js", "JavaScript", 51, 0, 0, 0, 0, 0, 0, 0, 0, 7, 9, 67
"d:\Source code\guagui\JRMS2.0\mock\mock-server.js", "JavaScript", 52, 0, 0, 0, 0, 0, 0, 0, 0, 6, 11, 69
"d:\Source code\guagui\JRMS2.0\mock\table.js", "JavaScript", 27, 0, 0, 0, 0, 0, 0, 0, 0, 0, 3, 30
"d:\Source code\guagui\JRMS2.0\mock\user.js", "JavaScript", 70, 0, 0, 0, 0, 0, 0, 0, 0, 5, 10, 85
"d:\Source code\guagui\JRMS2.0\package.json", "JSON", 0, 0, 0, 0, 0, 0, 0, 80, 0, 0, 1, 81
"d:\Source code\guagui\JRMS2.0\postcss.config.js", "JavaScript", 5, 0, 0, 0, 0, 0, 0, 0, 0, 2, 2, 9
"d:\Source code\guagui\JRMS2.0\public\index.html", "HTML", 0, 17, 0, 0, 0, 0, 0, 0, 0, 2, 4, 23
"d:\Source code\guagui\JRMS2.0\public\static\js\webrtcstreamer.js", "JavaScript", 262, 0, 0, 0, 0, 0, 0, 0, 0, 79, 34, 375
"d:\Source code\guagui\JRMS2.0\public\static\video.html", "HTML", 0, 32, 0, 0, 0, 0, 0, 0, 0, 0, 1, 33
"d:\Source code\guagui\JRMS2.0\src\App.vue", "vue", 0, 0, 0, 27, 0, 0, 0, 0, 0, 0, 3, 30
"d:\Source code\guagui\JRMS2.0\src\api\accesso.js", "JavaScript", 63, 0, 0, 0, 0, 0, 0, 0, 0, 1, 10, 74
"d:\Source code\guagui\JRMS2.0\src\api\alarm.js", "JavaScript", 114, 0, 0, 0, 0, 0, 0, 0, 0, 10, 9, 133
"d:\Source code\guagui\JRMS2.0\src\api\areaConfig.js", "JavaScript", 36, 0, 0, 0, 0, 0, 0, 0, 0, 5, 2, 43
"d:\Source code\guagui\JRMS2.0\src\api\carrier.js", "JavaScript", 28, 0, 0, 0, 0, 0, 0, 0, 0, 0, 3, 31
"d:\Source code\guagui\JRMS2.0\src\api\charge.js", "JavaScript", 147, 0, 0, 0, 0, 0, 0, 0, 0, 15, 12, 174
"d:\Source code\guagui\JRMS2.0\src\api\dashboard.js", "JavaScript", 176, 0, 0, 0, 0, 0, 0, 0, 0, 1, 18, 195
"d:\Source code\guagui\JRMS2.0\src\api\file.js", "JavaScript", 3, 0, 0, 0, 0, 0, 0, 0, 0, 0, 1, 4
"d:\Source code\guagui\JRMS2.0\src\api\homepageAlarm.js", "JavaScript", 29, 0, 0, 0, 0, 0, 0, 0, 0, 4, 1, 34
"d:\Source code\guagui\JRMS2.0\src\api\inspectRecord.js", "JavaScript", 78, 0, 0, 0, 0, 0, 0, 0, 0, 10, 5, 93
"d:\Source code\guagui\JRMS2.0\src\api\map.js", "JavaScript", 32, 0, 0, 0, 0, 0, 0, 0, 0, 0, 5, 37
"d:\Source code\guagui\JRMS2.0\src\api\patrolDic.js", "JavaScript", 7, 0, 0, 0, 0, 0, 0, 0, 0, 0, 1, 8
"d:\Source code\guagui\JRMS2.0\src\api\robot.js", "JavaScript", 208, 0, 0, 0, 0, 0, 0, 0, 0, 33, 26, 267
"d:\Source code\guagui\JRMS2.0\src\api\statics.js", "JavaScript", 183, 0, 0, 0, 0, 0, 0, 0, 0, 0, 19, 202
"d:\Source code\guagui\JRMS2.0\src\api\sysCtrl.js", "JavaScript", 107, 0, 0, 0, 0, 0, 0, 0, 0, 0, 15, 122
"d:\Source code\guagui\JRMS2.0\src\api\taskConfig.js", "JavaScript", 208, 0, 0, 0, 0, 0, 0, 0, 0, 11, 29, 248
"d:\Source code\guagui\JRMS2.0\src\api\user.js", "JavaScript", 65, 0, 0, 0, 0, 0, 0, 0, 0, 1, 9, 75
"d:\Source code\guagui\JRMS2.0\src\assets\css\casun.scss", "SCSS", 0, 0, 0, 0, 240, 0, 0, 0, 0, 14, 49, 303
"d:\Source code\guagui\JRMS2.0\src\assets\js\bus.js", "JavaScript", 2, 0, 0, 0, 0, 0, 0, 0, 0, 0, 2, 4
"d:\Source code\guagui\JRMS2.0\src\assets\js\flexible.js", "JavaScript", 34, 0, 0, 0, 0, 0, 0, 0, 0, 9, 6, 49
"d:\Source code\guagui\JRMS2.0\src\assets\js\flv.js", "JavaScript", 9992, 0, 0, 0, 0, 0, 0, 0, 0, 1747, 1619, 13358
"d:\Source code\guagui\JRMS2.0\src\assets\js\title.js", "JavaScript", 9, 0, 0, 0, 0, 0, 0, 0, 0, 0, 1, 10
"d:\Source code\guagui\JRMS2.0\src\components\BgAnimation\index.vue", "vue", 0, 0, 0, 110, 0, 0, 0, 0, 0, 0, 5, 115
"d:\Source code\guagui\JRMS2.0\src\components\Breadcrumb\index.vue", "vue", 0, 0, 0, 75, 0, 0, 0, 0, 0, 1, 7, 83
"d:\Source code\guagui\JRMS2.0\src\components\Camera\index.vue", "vue", 0, 0, 0, 26, 0, 0, 0, 0, 0, 0, 1, 27
"d:\Source code\guagui\JRMS2.0\src\components\Charts\MixChart.vue", "vue", 0, 0, 0, 174, 0, 0, 0, 0, 0, 0, 7, 181
"d:\Source code\guagui\JRMS2.0\src\components\Hamburger\index.vue", "vue", 0, 0, 0, 41, 0, 0, 0, 0, 0, 0, 4, 45
"d:\Source code\guagui\JRMS2.0\src\components\LangSwitch\index.vue", "vue", 0, 0, 0, 40, 0, 0, 0, 0, 0, 4, 2, 46
"d:\Source code\guagui\JRMS2.0\src\components\MapComponent\agv\AgvOne.vue", "vue", 0, 0, 0, 82, 0, 0, 0, 0, 0, 0, 3, 85
"d:\Source code\guagui\JRMS2.0\src\components\MapComponent\agv\AgvTwo.vue", "vue", 0, 0, 0, 88, 0, 0, 0, 0, 0, 0, 3, 91
"d:\Source code\guagui\JRMS2.0\src\components\MapComponent\agvmoreinfo\AgvCard.vue", "vue", 0, 0, 0, 165, 0, 0, 0, 0, 0, 0, 9, 174
"d:\Source code\guagui\JRMS2.0\src\components\MapComponent\agvmoreinfo\AgvRadar.vue", "vue", 0, 0, 0, 38, 0, 0, 0, 0, 0, 36, 5, 79
"d:\Source code\guagui\JRMS2.0\src\components\MapComponent\agvmoreinfo\AgvState.vue", "vue", 0, 0, 0, 164, 0, 0, 0, 0, 0, 0, 11, 175
"d:\Source code\guagui\JRMS2.0\src\components\MapComponent\agvmoreinfo\PlanArc.vue", "vue", 0, 0, 0, 82, 0, 0, 0, 0, 0, 0, 4, 86
"d:\Source code\guagui\JRMS2.0\src\components\MapComponent\agvmoreinfo\PlanRoute.vue", "vue", 0, 0, 0, 31, 0, 0, 0, 0, 0, 0, 4, 35
"d:\Source code\guagui\JRMS2.0\src\components\MapComponent\graphics\ActivityPoint.vue", "vue", 0, 0, 0, 36, 0, 0, 0, 0, 0, 0, 3, 39
"d:\Source code\guagui\JRMS2.0\src\components\MapComponent\graphics\Arc.vue", "vue", 0, 0, 0, 210, 0, 0, 0, 0, 0, 0, 7, 217
"d:\Source code\guagui\JRMS2.0\src\components\MapComponent\graphics\CargoInform.vue", "vue", 0, 0, 0, 83, 0, 0, 0, 0, 0, 0, 1, 84
"d:\Source code\guagui\JRMS2.0\src\components\MapComponent\graphics\Line.vue", "vue", 0, 0, 0, 111, 0, 0, 0, 0, 0, 0, 10, 121
"d:\Source code\guagui\JRMS2.0\src\components\MapComponent\graphics\LocationInform.vue", "vue", 0, 0, 0, 96, 0, 0, 0, 0, 0, 4, 3, 103
"d:\Source code\guagui\JRMS2.0\src\components\MapComponent\graphics\Point.vue", "vue", 0, 0, 0, 36, 0, 0, 0, 0, 0, 0, 3, 39
"d:\Source code\guagui\JRMS2.0\src\components\MapComponent\graphics\StandPoint.vue", "vue", 0, 0, 0, 44, 0, 0, 0, 0, 0, 0, 2, 46
"d:\Source code\guagui\JRMS2.0\src\components\Pagination\index.vue", "vue", 0, 0, 0, 97, 0, 0, 0, 0, 0, 0, 4, 101
"d:\Source code\guagui\JRMS2.0\src\components\Screenfull\index.vue", "vue", 0, 0, 0, 62, 0, 0, 0, 0, 0, 0, 4, 66
"d:\Source code\guagui\JRMS2.0\src\components\SvgIcon\index.vue", "vue", 0, 0, 0, 57, 0, 0, 0, 0, 0, 2, 5, 64
"d:\Source code\guagui\JRMS2.0\src\components\ThemePicker\index.vue", "vue", 0, 0, 0, 172, 0, 0, 0, 0, 0, 0, 26, 198
"d:\Source code\guagui\JRMS2.0\src\components\WebSocket\index.vue", "vue", 0, 0, 0, 163, 0, 0, 0, 0, 0, 0, 5, 168
"d:\Source code\guagui\JRMS2.0\src\components\index.js", "JavaScript", 21, 0, 0, 0, 0, 0, 0, 0, 0, 1, 8, 30
"d:\Source code\guagui\JRMS2.0\src\icons\index.js", "JavaScript", 6, 0, 0, 0, 0, 0, 0, 0, 0, 1, 3, 10
"d:\Source code\guagui\JRMS2.0\src\icons\svg\24gf-pauseCircle.svg", "XML", 0, 0, 0, 0, 0, 0, 0, 0, 1, 0, 0, 1
"d:\Source code\guagui\JRMS2.0\src\icons\svg\3d.svg", "XML", 0, 0, 0, 0, 0, 0, 0, 0, 1, 0, 0, 1
"d:\Source code\guagui\JRMS2.0\src\icons\svg\404.svg", "XML", 0, 0, 0, 0, 0, 0, 0, 0, 1, 0, 0, 1
"d:\Source code\guagui\JRMS2.0\src\icons\svg\47_jujiao.svg", "XML", 0, 0, 0, 0, 0, 0, 0, 0, 1, 0, 0, 1
"d:\Source code\guagui\JRMS2.0\src\icons\svg\agv_info.svg", "XML", 0, 0, 0, 0, 0, 0, 0, 0, 33, 1, 1, 35
"d:\Source code\guagui\JRMS2.0\src\icons\svg\alarm.svg", "XML", 0, 0, 0, 0, 0, 0, 0, 0, 32, 1, 1, 34
"d:\Source code\guagui\JRMS2.0\src\icons\svg\alarm_setting.svg", "XML", 0, 0, 0, 0, 0, 0, 0, 0, 1, 0, 0, 1
"d:\Source code\guagui\JRMS2.0\src\icons\svg\battery.svg", "XML", 0, 0, 0, 0, 0, 0, 0, 0, 1, 0, 0, 1
"d:\Source code\guagui\JRMS2.0\src\icons\svg\bug.svg", "XML", 0, 0, 0, 0, 0, 0, 0, 0, 1, 0, 0, 1
"d:\Source code\guagui\JRMS2.0\src\icons\svg\carrier_type.svg", "XML", 0, 0, 0, 0, 0, 0, 0, 0, 1, 0, 0, 1
"d:\Source code\guagui\JRMS2.0\src\icons\svg\casun-logo.svg", "XML", 0, 0, 0, 0, 0, 0, 0, 0, 1, 0, 0, 1
"d:\Source code\guagui\JRMS2.0\src\icons\svg\chart.svg", "XML", 0, 0, 0, 0, 0, 0, 0, 0, 1, 0, 0, 1
"d:\Source code\guagui\JRMS2.0\src\icons\svg\clipboard.svg", "XML", 0, 0, 0, 0, 0, 0, 0, 0, 1, 0, 0, 1
"d:\Source code\guagui\JRMS2.0\src\icons\svg\component.svg", "XML", 0, 0, 0, 0, 0, 0, 0, 0, 1, 0, 0, 1
"d:\Source code\guagui\JRMS2.0\src\icons\svg\dashboard.svg", "XML", 0, 0, 0, 0, 0, 0, 0, 0, 1, 0, 0, 1
"d:\Source code\guagui\JRMS2.0\src\icons\svg\dengguang.svg", "XML", 0, 0, 0, 0, 0, 0, 0, 0, 1, 0, 0, 1
"d:\Source code\guagui\JRMS2.0\src\icons\svg\device_status.svg", "XML", 0, 0, 0, 0, 0, 0, 0, 0, 1, 0, 0, 1
"d:\Source code\guagui\JRMS2.0\src\icons\svg\display_setting.svg", "XML", 0, 0, 0, 0, 0, 0, 0, 0, 29, 1, 1, 31
"d:\Source code\guagui\JRMS2.0\src\icons\svg\ditu.svg", "XML", 0, 0, 0, 0, 0, 0, 0, 0, 1, 0, 0, 1
"d:\Source code\guagui\JRMS2.0\src\icons\svg\documentation.svg", "XML", 0, 0, 0, 0, 0, 0, 0, 0, 1, 0, 0, 1
"d:\Source code\guagui\JRMS2.0\src\icons\svg\drag.svg", "XML", 0, 0, 0, 0, 0, 0, 0, 0, 1, 0, 0, 1
"d:\Source code\guagui\JRMS2.0\src\icons\svg\edit.svg", "XML", 0, 0, 0, 0, 0, 0, 0, 0, 1, 0, 0, 1
"d:\Source code\guagui\JRMS2.0\src\icons\svg\education.svg", "XML", 0, 0, 0, 0, 0, 0, 0, 0, 1, 0, 0, 1
"d:\Source code\guagui\JRMS2.0\src\icons\svg\email.svg", "XML", 0, 0, 0, 0, 0, 0, 0, 0, 1, 0, 0, 1
"d:\Source code\guagui\JRMS2.0\src\icons\svg\example.svg", "XML", 0, 0, 0, 0, 0, 0, 0, 0, 1, 0, 0, 1
"d:\Source code\guagui\JRMS2.0\src\icons\svg\excel.svg", "XML", 0, 0, 0, 0, 0, 0, 0, 0, 1, 0, 0, 1
"d:\Source code\guagui\JRMS2.0\src\icons\svg\excute_task.svg", "XML", 0, 0, 0, 0, 0, 0, 0, 0, 38, 1, 1, 40
"d:\Source code\guagui\JRMS2.0\src\icons\svg\execute.svg", "XML", 0, 0, 0, 0, 0, 0, 0, 0, 1, 0, 0, 1
"d:\Source code\guagui\JRMS2.0\src\icons\svg\exit-fullscreen.svg", "XML", 0, 0, 0, 0, 0, 0, 0, 0, 1, 0, 0, 1
"d:\Source code\guagui\JRMS2.0\src\icons\svg\eye-open.svg", "XML", 0, 0, 0, 0, 0, 0, 0, 0, 1, 0, 0, 1
"d:\Source code\guagui\JRMS2.0\src\icons\svg\eye.svg", "XML", 0, 0, 0, 0, 0, 0, 0, 0, 1, 0, 0, 1
"d:\Source code\guagui\JRMS2.0\src\icons\svg\fanhui.svg", "XML", 0, 0, 0, 0, 0, 0, 0, 0, 1, 0, 0, 1
"d:\Source code\guagui\JRMS2.0\src\icons\svg\form.svg", "XML", 0, 0, 0, 0, 0, 0, 0, 0, 1, 0, 0, 1
"d:\Source code\guagui\JRMS2.0\src\icons\svg\fullscreen.svg", "XML", 0, 0, 0, 0, 0, 0, 0, 0, 1, 0, 0, 1
"d:\Source code\guagui\JRMS2.0\src\icons\svg\guangquan-.svg", "XML", 0, 0, 0, 0, 0, 0, 0, 0, 1, 0, 0, 1
"d:\Source code\guagui\JRMS2.0\src\icons\svg\guangquan.svg", "XML", 0, 0, 0, 0, 0, 0, 0, 0, 1, 0, 0, 1
"d:\Source code\guagui\JRMS2.0\src\icons\svg\guide.svg", "XML", 0, 0, 0, 0, 0, 0, 0, 0, 1, 0, 0, 1
"d:\Source code\guagui\JRMS2.0\src\icons\svg\icon-24-jinjiao.svg", "XML", 0, 0, 0, 0, 0, 0, 0, 0, 1, 0, 0, 1
"d:\Source code\guagui\JRMS2.0\src\icons\svg\icon-24-yuanjiao.svg", "XML", 0, 0, 0, 0, 0, 0, 0, 0, 1, 0, 0, 1
"d:\Source code\guagui\JRMS2.0\src\icons\svg\icon.svg", "XML", 0, 0, 0, 0, 0, 0, 0, 0, 1, 0, 0, 1
"d:\Source code\guagui\JRMS2.0\src\icons\svg\international.svg", "XML", 0, 0, 0, 0, 0, 0, 0, 0, 1, 0, 0, 1
"d:\Source code\guagui\JRMS2.0\src\icons\svg\ip.svg", "XML", 0, 0, 0, 0, 0, 0, 0, 0, 1, 0, 0, 1
"d:\Source code\guagui\JRMS2.0\src\icons\svg\jiankong.svg", "XML", 0, 0, 0, 0, 0, 0, 0, 0, 1, 0, 0, 1
"d:\Source code\guagui\JRMS2.0\src\icons\svg\language.svg", "XML", 0, 0, 0, 0, 0, 0, 0, 0, 1, 0, 0, 1
"d:\Source code\guagui\JRMS2.0\src\icons\svg\link.svg", "XML", 0, 0, 0, 0, 0, 0, 0, 0, 1, 0, 0, 1
"d:\Source code\guagui\JRMS2.0\src\icons\svg\list.svg", "XML", 0, 0, 0, 0, 0, 0, 0, 0, 1, 0, 0, 1
"d:\Source code\guagui\JRMS2.0\src\icons\svg\lock.svg", "XML", 0, 0, 0, 0, 0, 0, 0, 0, 1, 0, 0, 1
"d:\Source code\guagui\JRMS2.0\src\icons\svg\message.svg", "XML", 0, 0, 0, 0, 0, 0, 0, 0, 1, 0, 0, 1
"d:\Source code\guagui\JRMS2.0\src\icons\svg\money.svg", "XML", 0, 0, 0, 0, 0, 0, 0, 0, 1, 0, 0, 1
"d:\Source code\guagui\JRMS2.0\src\icons\svg\mubiaogenzong.svg", "XML", 0, 0, 0, 0, 0, 0, 0, 0, 1, 0, 0, 1
"d:\Source code\guagui\JRMS2.0\src\icons\svg\nested.svg", "XML", 0, 0, 0, 0, 0, 0, 0, 0, 1, 0, 0, 1
"d:\Source code\guagui\JRMS2.0\src\icons\svg\panel.svg", "XML", 0, 0, 0, 0, 0, 0, 0, 0, 1, 0, 0, 1
"d:\Source code\guagui\JRMS2.0\src\icons\svg\password.svg", "XML", 0, 0, 0, 0, 0, 0, 0, 0, 1, 0, 0, 1
"d:\Source code\guagui\JRMS2.0\src\icons\svg\pdf.svg", "XML", 0, 0, 0, 0, 0, 0, 0, 0, 1, 0, 0, 1
"d:\Source code\guagui\JRMS2.0\src\icons\svg\people.svg", "XML", 0, 0, 0, 0, 0, 0, 0, 0, 1, 0, 0, 1
"d:\Source code\guagui\JRMS2.0\src\icons\svg\peoples.svg", "XML", 0, 0, 0, 0, 0, 0, 0, 0, 1, 0, 0, 1
"d:\Source code\guagui\JRMS2.0\src\icons\svg\qq.svg", "XML", 0, 0, 0, 0, 0, 0, 0, 0, 1, 0, 0, 1
"d:\Source code\guagui\JRMS2.0\src\icons\svg\search.svg", "XML", 0, 0, 0, 0, 0, 0, 0, 0, 1, 0, 0, 1
"d:\Source code\guagui\JRMS2.0\src\icons\svg\shopping.svg", "XML", 0, 0, 0, 0, 0, 0, 0, 0, 1, 0, 0, 1
"d:\Source code\guagui\JRMS2.0\src\icons\svg\shuju_jilu.svg", "XML", 0, 0, 0, 0, 0, 0, 0, 0, 1, 0, 0, 1
"d:\Source code\guagui\JRMS2.0\src\icons\svg\size.svg", "XML", 0, 0, 0, 0, 0, 0, 0, 0, 1, 0, 0, 1
"d:\Source code\guagui\JRMS2.0\src\icons\svg\skill.svg", "XML", 0, 0, 0, 0, 0, 0, 0, 0, 1, 0, 0, 1
"d:\Source code\guagui\JRMS2.0\src\icons\svg\software_version.svg", "XML", 0, 0, 0, 0, 0, 0, 0, 0, 1, 0, 0, 1
"d:\Source code\guagui\JRMS2.0\src\icons\svg\star.svg", "XML", 0, 0, 0, 0, 0, 0, 0, 0, 1, 0, 0, 1
"d:\Source code\guagui\JRMS2.0\src\icons\svg\sys_info.svg", "XML", 0, 0, 0, 0, 0, 0, 0, 0, 1, 0, 0, 1
"d:\Source code\guagui\JRMS2.0\src\icons\svg\tab.svg", "XML", 0, 0, 0, 0, 0, 0, 0, 0, 1, 0, 0, 1
"d:\Source code\guagui\JRMS2.0\src\icons\svg\table.svg", "XML", 0, 0, 0, 0, 0, 0, 0, 0, 1, 0, 0, 1
"d:\Source code\guagui\JRMS2.0\src\icons\svg\task_plan.svg", "XML", 0, 0, 0, 0, 0, 0, 0, 0, 37, 1, 1, 39
"d:\Source code\guagui\JRMS2.0\src\icons\svg\task_setting.svg", "XML", 0, 0, 0, 0, 0, 0, 0, 0, 25, 1, 1, 27
"d:\Source code\guagui\JRMS2.0\src\icons\svg\theme.svg", "XML", 0, 0, 0, 0, 0, 0, 0, 0, 1, 0, 0, 1
"d:\Source code\guagui\JRMS2.0\src\icons\svg\tree-table.svg", "XML", 0, 0, 0, 0, 0, 0, 0, 0, 1, 0, 0, 1
"d:\Source code\guagui\JRMS2.0\src\icons\svg\tree.svg", "XML", 0, 0, 0, 0, 0, 0, 0, 0, 1, 0, 0, 1
"d:\Source code\guagui\JRMS2.0\src\icons\svg\user.svg", "XML", 0, 0, 0, 0, 0, 0, 0, 0, 1, 0, 0, 1
"d:\Source code\guagui\JRMS2.0\src\icons\svg\wechat.svg", "XML", 0, 0, 0, 0, 0, 0, 0, 0, 1, 0, 0, 1
"d:\Source code\guagui\JRMS2.0\src\icons\svg\xunjian_setting.svg", "XML", 0, 0, 0, 0, 0, 0, 0, 0, 1, 0, 0, 1
"d:\Source code\guagui\JRMS2.0\src\icons\svg\yingjian_setting.svg", "XML", 0, 0, 0, 0, 0, 0, 0, 0, 1, 0, 0, 1
"d:\Source code\guagui\JRMS2.0\src\icons\svg\zanting.svg", "XML", 0, 0, 0, 0, 0, 0, 0, 0, 1, 0, 0, 1
"d:\Source code\guagui\JRMS2.0\src\icons\svg\zhuapaixiangji.svg", "XML", 0, 0, 0, 0, 0, 0, 0, 0, 1, 0, 0, 1
"d:\Source code\guagui\JRMS2.0\src\icons\svg\zip.svg", "XML", 0, 0, 0, 0, 0, 0, 0, 0, 1, 0, 0, 1
"d:\Source code\guagui\JRMS2.0\src\icons\svg\录像.svg", "XML", 0, 0, 0, 0, 0, 0, 0, 0, 1, 0, 0, 1
"d:\Source code\guagui\JRMS2.0\src\icons\svg\系统管理.svg", "XML", 0, 0, 0, 0, 0, 0, 0, 0, 1, 0, 0, 1
"d:\Source code\guagui\JRMS2.0\src\icons\svg\翻转镜头.svg", "XML", 0, 0, 0, 0, 0, 0, 0, 0, 1, 0, 0, 1
"d:\Source code\guagui\JRMS2.0\src\icons\svgo.yml", "YAML", 0, 0, 0, 0, 0, 5, 0, 0, 0, 13, 5, 23
"d:\Source code\guagui\JRMS2.0\src\langs\en.js", "JavaScript", 337, 0, 0, 0, 0, 0, 0, 0, 0, 0, 1, 338
"d:\Source code\guagui\JRMS2.0\src\langs\index.js", "JavaScript", 21, 0, 0, 0, 0, 0, 0, 0, 0, 10, 3, 34
"d:\Source code\guagui\JRMS2.0\src\langs\zh.js", "JavaScript", 409, 0, 0, 0, 0, 0, 0, 0, 0, 0, 1, 410
"d:\Source code\guagui\JRMS2.0\src\layout\components\AppMain.vue", "vue", 0, 0, 0, 50, 0, 0, 0, 0, 0, 0, 7, 57
"d:\Source code\guagui\JRMS2.0\src\layout\components\Navbar.vue", "vue", 0, 0, 0, 121, 0, 0, 0, 0, 0, 17, 16, 154
"d:\Source code\guagui\JRMS2.0\src\layout\components\Sidebar\FixiOSBug.js", "JavaScript", 24, 0, 0, 0, 0, 0, 0, 0, 0, 2, 1, 27
"d:\Source code\guagui\JRMS2.0\src\layout\components\Sidebar\Item.vue", "vue", 0, 0, 0, 27, 0, 0, 0, 0, 0, 0, 3, 30
"d:\Source code\guagui\JRMS2.0\src\layout\components\Sidebar\Link.vue", "vue", 0, 0, 0, 32, 0, 0, 0, 0, 0, 1, 4, 37
"d:\Source code\guagui\JRMS2.0\src\layout\components\Sidebar\Logo.vue", "vue", 0, 0, 0, 85, 0, 0, 0, 0, 0, 5, 9, 99
"d:\Source code\guagui\JRMS2.0\src\layout\components\Sidebar\SidebarItem.vue", "vue", 0, 0, 0, 101, 0, 0, 0, 0, 0, 0, 7, 108
"d:\Source code\guagui\JRMS2.0\src\layout\components\Sidebar\index.vue", "vue", 0, 0, 0, 85, 0, 0, 0, 0, 0, 7, 3, 95
"d:\Source code\guagui\JRMS2.0\src\layout\components\index.js", "JavaScript", 12, 0, 0, 0, 0, 0, 0, 0, 0, 0, 1, 13
"d:\Source code\guagui\JRMS2.0\src\layout\index.vue", "vue", 0, 0, 0, 320, 0, 0, 0, 0, 0, 4, 8, 332
"d:\Source code\guagui\JRMS2.0\src\main.js", "JavaScript", 61, 0, 0, 0, 0, 0, 0, 0, 0, 21, 13, 95
"d:\Source code\guagui\JRMS2.0\src\permission.js", "JavaScript", 63, 0, 0, 0, 0, 0, 0, 0, 0, 26, 11, 100
"d:\Source code\guagui\JRMS2.0\src\router\index.js", "JavaScript", 349, 0, 0, 0, 0, 0, 0, 0, 0, 47, 14, 410
"d:\Source code\guagui\JRMS2.0\src\settings.js", "JavaScript", 5, 0, 0, 0, 0, 0, 0, 0, 0, 8, 3, 16
"d:\Source code\guagui\JRMS2.0\src\store\getters.js", "JavaScript", 18, 0, 0, 0, 0, 0, 0, 0, 0, 0, 1, 19
"d:\Source code\guagui\JRMS2.0\src\store\index.js", "JavaScript", 24, 0, 0, 0, 0, 0, 0, 0, 0, 0, 3, 27
"d:\Source code\guagui\JRMS2.0\src\store\modules\app.js", "JavaScript", 53, 0, 0, 0, 0, 0, 0, 0, 0, 0, 4, 57
"d:\Source code\guagui\JRMS2.0\src\store\modules\carrier.js", "JavaScript", 19, 0, 0, 0, 0, 0, 0, 0, 0, 1, 1, 21
"d:\Source code\guagui\JRMS2.0\src\store\modules\global.js", "JavaScript", 47, 0, 0, 0, 0, 0, 0, 0, 0, 0, 4, 51
"d:\Source code\guagui\JRMS2.0\src\store\modules\permission.js", "JavaScript", 47, 0, 0, 0, 0, 0, 0, 0, 0, 14, 8, 69
"d:\Source code\guagui\JRMS2.0\src\store\modules\settings.js", "JavaScript", 25, 0, 0, 0, 0, 0, 0, 0, 0, 0, 7, 32
"d:\Source code\guagui\JRMS2.0\src\store\modules\systemConfig.js", "JavaScript", 22, 0, 0, 0, 0, 0, 0, 0, 0, 0, 4, 26
"d:\Source code\guagui\JRMS2.0\src\store\modules\user.js", "JavaScript", 106, 0, 0, 0, 0, 0, 0, 0, 0, 4, 9, 119
"d:\Source code\guagui\JRMS2.0\src\styles\element-ui.scss", "SCSS", 0, 0, 0, 0, 32, 0, 0, 0, 0, 4, 9, 45
"d:\Source code\guagui\JRMS2.0\src\styles\index.scss", "SCSS", 0, 0, 0, 0, 62, 0, 0, 0, 0, 1, 12, 75
"d:\Source code\guagui\JRMS2.0\src\styles\mixin.scss", "SCSS", 0, 0, 0, 0, 24, 0, 0, 0, 0, 0, 5, 29
"d:\Source code\guagui\JRMS2.0\src\styles\sidebar.scss", "SCSS", 0, 0, 0, 0, 165, 0, 0, 0, 0, 6, 38, 209
"d:\Source code\guagui\JRMS2.0\src\styles\transition.scss", "SCSS", 0, 0, 0, 0, 35, 0, 0, 0, 0, 4, 10, 49
"d:\Source code\guagui\JRMS2.0\src\styles\variables.scss", "SCSS", 0, 0, 0, 0, 18, 0, 0, 0, 0, 4, 5, 27
"d:\Source code\guagui\JRMS2.0\src\utils\auth.js", "JavaScript", 11, 0, 0, 0, 0, 0, 0, 0, 0, 1, 5, 17
"d:\Source code\guagui\JRMS2.0\src\utils\date-time.js", "JavaScript", 16, 0, 0, 0, 0, 0, 0, 0, 0, 1, 4, 21
"d:\Source code\guagui\JRMS2.0\src\utils\directives.js", "JavaScript", 63, 0, 0, 0, 0, 0, 0, 0, 0, 12, 13, 88
"d:\Source code\guagui\JRMS2.0\src\utils\get-page-title.js", "JavaScript", 8, 0, 0, 0, 0, 0, 0, 0, 0, 0, 3, 11
"d:\Source code\guagui\JRMS2.0\src\utils\helper.js", "JavaScript", 14, 0, 0, 0, 0, 0, 0, 0, 0, 0, 1, 15
"d:\Source code\guagui\JRMS2.0\src\utils\index.js", "JavaScript", 85, 0, 0, 0, 0, 0, 0, 0, 0, 20, 6, 111
"d:\Source code\guagui\JRMS2.0\src\utils\request.js", "JavaScript", 130, 0, 0, 0, 0, 0, 0, 0, 0, 43, 9, 182
"d:\Source code\guagui\JRMS2.0\src\utils\scroll-to.js", "JavaScript", 39, 0, 0, 0, 0, 0, 0, 0, 0, 15, 5, 59
"d:\Source code\guagui\JRMS2.0\src\utils\validate.js", "JavaScript", 7, 0, 0, 0, 0, 0, 0, 0, 0, 11, 3, 21
"d:\Source code\guagui\JRMS2.0\src\vendor\Export2Excel.js", "JavaScript", 180, 0, 0, 0, 0, 0, 0, 0, 0, 15, 26, 221
"d:\Source code\guagui\JRMS2.0\src\views\404.vue", "vue", 0, 0, 0, 225, 0, 0, 0, 0, 0, 0, 4, 229
"d:\Source code\guagui\JRMS2.0\src\views\alarmStatics\index.vue", "vue", 0, 0, 0, 21, 0, 0, 0, 0, 0, 0, 8, 29
"d:\Source code\guagui\JRMS2.0\src\views\alarm\index.vue", "vue", 0, 0, 0, 1105, 0, 0, 0, 0, 0, 20, 17, 1142
"d:\Source code\guagui\JRMS2.0\src\views\charge\index.vue", "vue", 0, 0, 0, 1042, 0, 0, 0, 0, 0, 1, 25, 1068
"d:\Source code\guagui\JRMS2.0\src\views\dashboard\echarts\FourEcharts.vue", "vue", 0, 0, 0, 171, 0, 0, 0, 0, 0, 0, 5, 176
"d:\Source code\guagui\JRMS2.0\src\views\dashboard\echarts\OneEcharts.vue", "vue", 0, 0, 0, 184, 0, 0, 0, 0, 0, 0, 3, 187
"d:\Source code\guagui\JRMS2.0\src\views\dashboard\echarts\ThreeEcharts.vue", "vue", 0, 0, 0, 164, 0, 0, 0, 0, 0, 0, 12, 176
"d:\Source code\guagui\JRMS2.0\src\views\dashboard\echarts\TowEcharts.vue", "vue", 0, 0, 0, 154, 0, 0, 0, 0, 0, 0, 9, 163
"d:\Source code\guagui\JRMS2.0\src\views\dashboard\index.vue", "vue", 0, 0, 0, 436, 0, 0, 0, 0, 0, 26, 40, 502
"d:\Source code\guagui\JRMS2.0\src\views\dashboard\index1.vue", "vue", 0, 0, 0, 776, 0, 0, 0, 0, 0, 28, 14, 818
"d:\Source code\guagui\JRMS2.0\src\views\dashboard\index2.vue", "vue", 0, 0, 0, 33, 0, 0, 0, 0, 0, 7, 1, 41
"d:\Source code\guagui\JRMS2.0\src\views\exportReport\index.vue", "vue", 0, 0, 0, 32, 0, 0, 0, 0, 0, 0, 3, 35
"d:\Source code\guagui\JRMS2.0\src\views\graphicGathering\index.vue", "vue", 0, 0, 0, 17, 0, 0, 0, 0, 0, 0, 6, 23
"d:\Source code\guagui\JRMS2.0\src\views\hardwareConfig\areaConfig\index.vue", "vue", 0, 0, 0, 582, 0, 0, 0, 0, 0, 18, 27, 627
"d:\Source code\guagui\JRMS2.0\src\views\hardwareConfig\chargingStation\index.vue", "vue", 0, 0, 0, 390, 0, 0, 0, 0, 0, 81, 12, 483
"d:\Source code\guagui\JRMS2.0\src\views\hardwareConfig\chargingStrategy\index.vue", "vue", 0, 0, 0, 393, 0, 0, 0, 0, 0, 37, 10, 440
"d:\Source code\guagui\JRMS2.0\src\views\hardwareConfig\equipConfig\index.vue", "vue", 0, 0, 0, 914, 0, 0, 0, 0, 0, 22, 36, 972
"d:\Source code\guagui\JRMS2.0\src\views\hardwareConfig\robotConfig\index.vue", "vue", 0, 0, 0, 1245, 0, 0, 0, 0, 0, 11, 43, 1299
"d:\Source code\guagui\JRMS2.0\src\views\hardwareConfig\videoRecordConfig\index.vue", "vue", 0, 0, 0, 639, 0, 0, 0, 0, 0, 4, 6, 649
"d:\Source code\guagui\JRMS2.0\src\views\inspectionRecord\equipAlarm\index.vue", "vue", 0, 0, 0, 654, 0, 0, 0, 0, 0, 41, 26, 721
"d:\Source code\guagui\JRMS2.0\src\views\inspectionRecord\historyAlarm\index.vue", "vue", 0, 0, 0, 775, 0, 0, 0, 0, 0, 20, 29, 824
"d:\Source code\guagui\JRMS2.0\src\views\inspectionRecord\realTimeAlarm\realAlarm.vue", "vue", 0, 0, 0, 726, 0, 0, 0, 0, 0, 68, 32, 826
"d:\Source code\guagui\JRMS2.0\src\views\inspectionRecord\realTimeTask\index.vue", "vue", 0, 0, 0, 146, 0, 0, 0, 0, 0, 4, 2, 152
"d:\Source code\guagui\JRMS2.0\src\views\inspectionRecord\statics\index.vue", "vue", 0, 0, 0, 266, 0, 0, 0, 0, 0, 2, 10, 278
"d:\Source code\guagui\JRMS2.0\src\views\login\auth-redirect.vue", "vue", 0, 0, 0, 15, 0, 0, 0, 0, 0, 0, 1, 16
"d:\Source code\guagui\JRMS2.0\src\views\login\index.vue", "vue", 0, 0, 0, 374, 0, 0, 0, 0, 0, 1, 15, 390
"d:\Source code\guagui\JRMS2.0\src\views\map\index.vue", "vue", 0, 0, 0, 957, 0, 0, 0, 0, 0, 38, 45, 1040
"d:\Source code\guagui\JRMS2.0\src\views\map\map.vue", "vue", 0, 0, 0, 933, 0, 0, 0, 0, 0, 58, 21, 1012
"d:\Source code\guagui\JRMS2.0\src\views\monitor\index.vue", "vue", 0, 0, 0, 1122, 0, 0, 0, 0, 0, 34, 102, 1258
"d:\Source code\guagui\JRMS2.0\src\views\monitor\intercom.vue", "vue", 0, 0, 0, 347, 0, 0, 0, 0, 0, 0, 39, 386
"d:\Source code\guagui\JRMS2.0\src\views\redirect\index.vue", "vue", 0, 0, 0, 12, 0, 0, 0, 0, 0, 0, 1, 13
"d:\Source code\guagui\JRMS2.0\src\views\systemManage\purviewManage\index.vue", "vue", 0, 0, 0, 323, 0, 0, 0, 0, 0, 0, 8, 331
"d:\Source code\guagui\JRMS2.0\src\views\systemManage\roleManage\index.vue", "vue", 0, 0, 0, 381, 0, 0, 0, 0, 0, 24, 6, 411
"d:\Source code\guagui\JRMS2.0\src\views\systemManage\systemSetting\index.vue", "vue", 0, 0, 0, 109, 0, 0, 0, 0, 0, 7, 1, 117
"d:\Source code\guagui\JRMS2.0\src\views\systemManage\userManage\index.vue", "vue", 0, 0, 0, 412, 0, 0, 0, 0, 0, 0, 3, 415
"d:\Source code\guagui\JRMS2.0\src\views\system\language\index.vue", "vue", 0, 0, 0, 72, 0, 0, 0, 0, 0, 6, 3, 81
"d:\Source code\guagui\JRMS2.0\src\views\system\user\index.vue", "vue", 0, 0, 0, 371, 0, 0, 0, 0, 0, 5, 14, 390
"d:\Source code\guagui\JRMS2.0\src\views\taskConfig\index.vue", "vue", 0, 0, 0, 5, 0, 0, 0, 0, 0, 0, 1, 6
"d:\Source code\guagui\JRMS2.0\src\views\taskConfig\inspectPoints\actionManage\index.vue", "vue", 0, 0, 0, 1500, 0, 0, 0, 0, 0, 136, 45, 1681
"d:\Source code\guagui\JRMS2.0\src\views\taskConfig\inspectPoints\index.vue", "vue", 0, 0, 0, 567, 0, 0, 0, 0, 0, 18, 29, 614
"d:\Source code\guagui\JRMS2.0\src\views\taskConfig\planConfig\index.vue", "vue", 0, 0, 0, 1240, 0, 0, 0, 0, 0, 108, 34, 1382
"d:\Source code\guagui\JRMS2.0\src\views\taskConfig\processConfig\index.vue", "vue", 0, 0, 0, 774, 0, 0, 0, 0, 0, 49, 26, 849
"d:\Source code\guagui\JRMS2.0\src\views\video\index.vue", "vue", 0, 0, 0, 83, 0, 0, 0, 0, 0, 0, 9, 92
"d:\Source code\guagui\JRMS2.0\static\css\app.38108e99.css", "CSS", 0, 0, 1, 0, 0, 0, 0, 0, 0, 0, 0, 1
"d:\Source code\guagui\JRMS2.0\static\css\chunk-07a93e04.1e7aa360.css", "CSS", 0, 0, 1, 0, 0, 0, 0, 0, 0, 0, 0, 1
"d:\Source code\guagui\JRMS2.0\static\css\chunk-0b17ac02.6ce4a681.css", "CSS", 0, 0, 1, 0, 0, 0, 0, 0, 0, 0, 0, 1
"d:\Source code\guagui\JRMS2.0\static\css\chunk-0c3b81a2.157c82e9.css", "CSS", 0, 0, 1, 0, 0, 0, 0, 0, 0, 0, 0, 1
"d:\Source code\guagui\JRMS2.0\static\css\chunk-0e0e199e.8eb3b0f0.css", "CSS", 0, 0, 1, 0, 0, 0, 0, 0, 0, 0, 0, 1
"d:\Source code\guagui\JRMS2.0\static\css\chunk-17020ec8.aec50204.css", "CSS", 0, 0, 1, 0, 0, 0, 0, 0, 0, 0, 0, 1
"d:\Source code\guagui\JRMS2.0\static\css\chunk-25b9db8f.c794b5b2.css", "CSS", 0, 0, 1, 0, 0, 0, 0, 0, 0, 0, 0, 1
"d:\Source code\guagui\JRMS2.0\static\css\chunk-28d46e79.fafb8ff3.css", "CSS", 0, 0, 1, 0, 0, 0, 0, 0, 0, 0, 0, 1
"d:\Source code\guagui\JRMS2.0\static\css\chunk-2b7dcf44.3c7f5ad9.css", "CSS", 0, 0, 1, 0, 0, 0, 0, 0, 0, 0, 0, 1
"d:\Source code\guagui\JRMS2.0\static\css\chunk-338d1a06.0f039f2a.css", "CSS", 0, 0, 1, 0, 0, 0, 0, 0, 0, 0, 0, 1
"d:\Source code\guagui\JRMS2.0\static\css\chunk-4161a6c4.ddb3809f.css", "CSS", 0, 0, 1, 0, 0, 0, 0, 0, 0, 0, 0, 1
"d:\Source code\guagui\JRMS2.0\static\css\chunk-54324bf6.0932dd2d.css", "CSS", 0, 0, 1, 0, 0, 0, 0, 0, 0, 0, 0, 1
"d:\Source code\guagui\JRMS2.0\static\css\chunk-6aaea5f1.9c0d0561.css", "CSS", 0, 0, 1, 0, 0, 0, 0, 0, 0, 0, 0, 1
"d:\Source code\guagui\JRMS2.0\static\css\chunk-6b82a51a.b129ad25.css", "CSS", 0, 0, 1, 0, 0, 0, 0, 0, 0, 0, 0, 1
"d:\Source code\guagui\JRMS2.0\static\css\chunk-6da3fb8c.f2ada036.css", "CSS", 0, 0, 1, 0, 0, 0, 0, 0, 0, 0, 0, 1
"d:\Source code\guagui\JRMS2.0\static\css\chunk-7572eeb0.4068be2d.css", "CSS", 0, 0, 1, 0, 0, 0, 0, 0, 0, 0, 0, 1
"d:\Source code\guagui\JRMS2.0\static\css\chunk-78e79de7.5d29e495.css", "CSS", 0, 0, 1, 0, 0, 0, 0, 0, 0, 0, 0, 1
"d:\Source code\guagui\JRMS2.0\static\css\chunk-95c04d6e.f4af168a.css", "CSS", 0, 0, 1, 0, 0, 0, 0, 0, 0, 0, 0, 1
"d:\Source code\guagui\JRMS2.0\static\css\chunk-9dcaa5aa.58508018.css", "CSS", 0, 0, 1, 0, 0, 0, 0, 0, 0, 0, 0, 1
"d:\Source code\guagui\JRMS2.0\static\css\chunk-a7a99e68.f8e18d29.css", "CSS", 0, 0, 1, 0, 0, 0, 0, 0, 0, 0, 0, 1
"d:\Source code\guagui\JRMS2.0\static\css\chunk-bfb6dd06.817f768e.css", "CSS", 0, 0, 1, 0, 0, 0, 0, 0, 0, 0, 0, 1
"d:\Source code\guagui\JRMS2.0\static\css\chunk-d44ca9d6.dee98b92.css", "CSS", 0, 0, 1, 0, 0, 0, 0, 0, 0, 0, 0, 1
"d:\Source code\guagui\JRMS2.0\static\css\chunk-elementUI.dd50ba92.css", "CSS", 0, 0, 1, 0, 0, 0, 0, 0, 0, 0, 0, 1
"d:\Source code\guagui\JRMS2.0\static\css\chunk-f0d7cd78.f1411ebe.css", "CSS", 0, 0, 1, 0, 0, 0, 0, 0, 0, 0, 0, 1
"d:\Source code\guagui\JRMS2.0\static\css\chunk-f4af7d1e.9558d598.css", "CSS", 0, 0, 1, 0, 0, 0, 0, 0, 0, 0, 0, 1
"d:\Source code\guagui\JRMS2.0\static\css\chunk-libs.e1a3f7f5.css", "CSS", 0, 0, 1, 0, 0, 0, 0, 0, 0, 0, 0, 1
"d:\Source code\guagui\JRMS2.0\static\js\app.daf4d9cc.js", "JavaScript", 1, 0, 0, 0, 0, 0, 0, 0, 0, 0, 0, 1
"d:\Source code\guagui\JRMS2.0\static\js\chunk-04a4268a.9f83cbcd.js", "JavaScript", 1, 0, 0, 0, 0, 0, 0, 0, 0, 0, 0, 1
"d:\Source code\guagui\JRMS2.0\static\js\chunk-07a93e04.d80d04b3.js", "JavaScript", 1, 0, 0, 0, 0, 0, 0, 0, 0, 0, 0, 1
"d:\Source code\guagui\JRMS2.0\static\js\chunk-0b17ac02.2404ed24.js", "JavaScript", 1, 0, 0, 0, 0, 0, 0, 0, 0, 0, 0, 1
"d:\Source code\guagui\JRMS2.0\static\js\chunk-0c3b81a2.49b25c3e.js", "JavaScript", 1, 0, 0, 0, 0, 0, 0, 0, 0, 0, 0, 1
"d:\Source code\guagui\JRMS2.0\static\js\chunk-0dab76e4.3bfee43f.js", "JavaScript", 1, 0, 0, 0, 0, 0, 0, 0, 0, 0, 0, 1
"d:\Source code\guagui\JRMS2.0\static\js\chunk-0e0e199e.b6da3c23.js", "JavaScript", 1, 0, 0, 0, 0, 0, 0, 0, 0, 0, 0, 1
"d:\Source code\guagui\JRMS2.0\static\js\chunk-17020ec8.c05ac9d9.js", "JavaScript", 1, 0, 0, 0, 0, 0, 0, 0, 0, 0, 0, 1
"d:\Source code\guagui\JRMS2.0\static\js\chunk-192bbb3c.994dc866.js", "JavaScript", 2, 0, 0, 0, 0, 0, 0, 0, 0, 5, 0, 7
"d:\Source code\guagui\JRMS2.0\static\js\chunk-25b9db8f.bc826bbb.js", "JavaScript", 1, 0, 0, 0, 0, 0, 0, 0, 0, 0, 0, 1
"d:\Source code\guagui\JRMS2.0\static\js\chunk-28d46e79.89bae593.js", "JavaScript", 1, 0, 0, 0, 0, 0, 0, 0, 0, 0, 0, 1
"d:\Source code\guagui\JRMS2.0\static\js\chunk-2b7dcf44.30b15736.js", "JavaScript", 1, 0, 0, 0, 0, 0, 0, 0, 0, 0, 0, 1
"d:\Source code\guagui\JRMS2.0\static\js\chunk-2d230fe7.20704891.js", "JavaScript", 1, 0, 0, 0, 0, 0, 0, 0, 0, 0, 0, 1
"d:\Source code\guagui\JRMS2.0\static\js\chunk-338d1a06.5f0936f0.js", "JavaScript", 1, 0, 0, 0, 0, 0, 0, 0, 0, 0, 0, 1
"d:\Source code\guagui\JRMS2.0\static\js\chunk-4161a6c4.d83bb614.js", "JavaScript", 1, 0, 0, 0, 0, 0, 0, 0, 0, 0, 0, 1
"d:\Source code\guagui\JRMS2.0\static\js\chunk-54324bf6.151228d1.js", "JavaScript", 1, 0, 0, 0, 0, 0, 0, 0, 0, 0, 0, 1
"d:\Source code\guagui\JRMS2.0\static\js\chunk-58537f8d.cb83e404.js", "JavaScript", 1, 0, 0, 0, 0, 0, 0, 0, 0, 0, 0, 1
"d:\Source code\guagui\JRMS2.0\static\js\chunk-6aaea5f1.45a44de8.js", "JavaScript", 1, 0, 0, 0, 0, 0, 0, 0, 0, 0, 0, 1
"d:\Source code\guagui\JRMS2.0\static\js\chunk-6b82a51a.c8712393.js", "JavaScript", 1, 0, 0, 0, 0, 0, 0, 0, 0, 0, 0, 1
"d:\Source code\guagui\JRMS2.0\static\js\chunk-6da3fb8c.e1d632cd.js", "JavaScript", 1, 0, 0, 0, 0, 0, 0, 0, 0, 0, 0, 1
"d:\Source code\guagui\JRMS2.0\static\js\chunk-7572eeb0.85ff7193.js", "JavaScript", 1, 0, 0, 0, 0, 0, 0, 0, 0, 0, 0, 1
"d:\Source code\guagui\JRMS2.0\static\js\chunk-78e79de7.db0526e6.js", "JavaScript", 1, 0, 0, 0, 0, 0, 0, 0, 0, 0, 0, 1
"d:\Source code\guagui\JRMS2.0\static\js\chunk-95c04d6e.f74398a6.js", "JavaScript", 1, 0, 0, 0, 0, 0, 0, 0, 0, 0, 0, 1
"d:\Source code\guagui\JRMS2.0\static\js\chunk-9dcaa5aa.72bfa4c8.js", "JavaScript", 1, 0, 0, 0, 0, 0, 0, 0, 0, 0, 0, 1
"d:\Source code\guagui\JRMS2.0\static\js\chunk-a7a99e68.1bf7d4e9.js", "JavaScript", 1, 0, 0, 0, 0, 0, 0, 0, 0, 0, 0, 1
"d:\Source code\guagui\JRMS2.0\static\js\chunk-bfb6dd06.b5781c09.js", "JavaScript", 1, 0, 0, 0, 0, 0, 0, 0, 0, 0, 0, 1
"d:\Source code\guagui\JRMS2.0\static\js\chunk-d44ca9d6.4c91ae50.js", "JavaScript", 1, 0, 0, 0, 0, 0, 0, 0, 0, 0, 0, 1
"d:\Source code\guagui\JRMS2.0\static\js\chunk-e3958fd2.485ed43e.js", "JavaScript", 4, 0, 0, 0, 0, 0, 0, 0, 0, 19, 0, 23
"d:\Source code\guagui\JRMS2.0\static\js\chunk-elementUI.c8e38944.js", "JavaScript", 1, 0, 0, 0, 0, 0, 0, 0, 0, 0, 0, 1
"d:\Source code\guagui\JRMS2.0\static\js\chunk-f0d7cd78.c88d1f69.js", "JavaScript", 1, 0, 0, 0, 0, 0, 0, 0, 0, 0, 0, 1
"d:\Source code\guagui\JRMS2.0\static\js\chunk-f4af7d1e.13ebe691.js", "JavaScript", 1, 0, 0, 0, 0, 0, 0, 0, 0, 0, 0, 1
"d:\Source code\guagui\JRMS2.0\static\js\chunk-libs.d20b0251.js", "JavaScript", 152, 0, 0, 0, 0, 0, 0, 0, 0, 240, 0, 392
"d:\Source code\guagui\JRMS2.0\static\js\webrtcstreamer.js", "JavaScript", 262, 0, 0, 0, 0, 0, 0, 0, 0, 79, 34, 375
"d:\Source code\guagui\JRMS2.0\static\video.html", "HTML", 0, 32, 0, 0, 0, 0, 0, 0, 0, 0, 1, 33
"d:\Source code\guagui\JRMS2.0\tests\unit\.eslintrc.js", "JavaScript", 5, 0, 0, 0, 0, 0, 0, 0, 0, 0, 1, 6
"d:\Source code\guagui\JRMS2.0\tests\unit\components\Breadcrumb.spec.js", "JavaScript", 80, 0, 0, 0, 0, 0, 0, 0, 0, 14, 5, 99
"d:\Source code\guagui\JRMS2.0\tests\unit\components\Hamburger.spec.js", "JavaScript", 18, 0, 0, 0, 0, 0, 0, 0, 0, 0, 1, 19
"d:\Source code\guagui\JRMS2.0\tests\unit\components\SvgIcon.spec.js", "JavaScript", 22, 0, 0, 0, 0, 0, 0, 0, 0, 0, 1, 23
"d:\Source code\guagui\JRMS2.0\tests\unit\utils\formatTime.spec.js", "JavaScript", 28, 0, 0, 0, 0, 0, 0, 0, 0, 0, 3, 31
"d:\Source code\guagui\JRMS2.0\tests\unit\utils\parseTime.spec.js", "JavaScript", 27, 0, 0, 0, 0, 0, 0, 0, 0, 0, 2, 29
"d:\Source code\guagui\JRMS2.0\tests\unit\utils\validate.spec.js", "JavaScript", 16, 0, 0, 0, 0, 0, 0, 0, 0, 0, 2, 18
"d:\Source code\guagui\JRMS2.0\vue.config.js", "JavaScript", 113, 0, 0, 0, 0, 0, 0, 0, 0, 27, 9, 149
"Total", "-", 15219, 82, 26, 23818, 576, 10, 113, 80, 270, 3596, 3308, 47098